id,sender_id,receiver_id,amount,start_time
0,3925,1234,100259,3002
1,61,2896,100896,4899
2,1275,81,99887,5405
3,1057,1400,100193,6259
4,1243,4639,100401,6756
5,362,1094,100063,6845
6,5721,5137,101785,6874
7,2862,5898,99469,7149
8,4244,3426,101068,7184
9,5179,5135,100167,8057
10,4598,5059,98620,10220
11,124,5430,99098,11553
12,800,33,98920,12060
13,4476,5304,99651,12282
14,108,2716,100837,12916
15,1075,770,99497,13939
16,272,4099,102021,14859
17,608,1863,101260,17736
18,1255,1369,98426,18570
19,5479,2649,99804,21458
20,801,2027,99283,22207
21,151,3399,97386,22286
22,1933,1858,99051,24291
23,5053,5088,99658,24350
24,1899,2769,98509,25511
25,2296,4217,99761,25871
26,2524,2106,99458,26644
27,5273,5546,99273,31520
28,2207,5750,99991,32720
29,3512,5351,100677,34089
30,1222,4282,101610,34359
31,3758,2621,99722,34868
32,3732,4755,98734,37313
33,4041,3956,101578,39782
34,2152,1616,99536,39828
35,3734,566,100803,40875
36,438,123,100202,42137
37,3880,3737,101566,42233
38,850,1848,100574,43525
39,3976,3251,99960,43799
40,2861,1844,99006,45492
41,3994,1647,99822,46296
42,4551,5774,99477,47076
43,1668,797,99953,47380
44,3355,5966,100326,47762
45,1126,2384,100705,49497
46,4957,392,99713,50338
47,4932,5910,100705,51229
48,4819,2410,99399,51960
49,1194,3784,100086,53695
50,2697,5416,101181,54014
51,4985,5417,98645,55298
52,1721,2707,100041,55909
53,2292,1951,100978,56958
54,4160,1128,99418,59184
55,931,5679,99823,60125
56,221,87,100191,64136
57,2877,2262,98917,64137
58,5284,4120,99298,64359
59,743,3759,101536,65797
60,2790,897,100084,66265
61,906,5206,99164,66707
62,675,5182,99569,66852
63,3229,772,98995,67632
64,2001,3422,99755,67912
65,2865,632,98971,68471
66,2158,3624,99342,70232
67,2769,3668,98331,70399
68,5990,4776,101824,72650
69,1411,1731,98980,73027
70,5889,5767,100349,76245
71,5795,2046,100173,78141
72,6002,3294,100838,79682
73,1213,4358,101135,80788
74,116,4238,100110,80966
75,604,164,98710,81994
76,5011,4497,100211,83007
77,2252,1476,99724,83385
78,5785,4419,99339,83653
79,4271,2923,98763,83653
80,3132,5187,97836,84061
81,4556,71,100796,86135
82,5345,5284,100984,86763
83,5358,364,101576,87249
84,1405,1991,99819,87472
85,1368,4383,98863,89761
86,4195,2841,99729,90014
87,3458,4941,99739,90817
88,5030,3101,98832,91137
89,168,4933,100139,91277
90,3598,2667,101188,91700
91,1268,3054,99365,91891
92,5931,4941,98916,91981
93,1662,5892,100929,92444
94,3202,5965,100506,94786
95,468,3785,99130,95074
96,5601,4236,100395,95506
97,4362,5100,102198,96284
98,3336,4603,100952,96373
99,4055,880,101615,96992
100,275,5935,98021,97728
101,1512,93,100650,98046
102,716,815,99814,99201
103,3355,1887,101494,99339
104,5726,2764,100461,104800
105,3021,2247,99490,105387
106,2598,3330,101566,106781
107,1797,1564,98484,108259
108,4453,608,99139,109343
109,5743,2681,101195,110145
110,5936,437,100669,110754
111,3255,1638,100259,112139
112,868,1182,98811,112383
113,3247,1729,99904,113168
114,5318,2466,99090,115059
115,3056,1340,100716,116114
116,5300,1331,100278,117344
117,5785,2217,100209,117768
118,4188,1959,99211,118333
119,5005,1184,99211,122050
120,398,2489,99002,124530
121,2210,764,100121,125802
122,422,1241,99919,126080
123,3992,827,98498,129280
124,2220,3182,100653,130785
125,5570,317,101655,130911
126,3209,3535,99674,134655
127,4564,5568,100362,135385
128,444,888,98829,138896
129,4882,2723,99628,138987
130,1903,1673,100221,140619
131,3952,5013,100180,141834
132,1435,4979,99385,142481
133,2914,2579,98646,144097
134,173,1124,99739,144632
135,4194,5745,99503,145732
136,2469,424,100152,149279
137,4891,589,99765,150126
138,3334,4111,100829,151626
139,76,673,99222,152264
140,315,5192,98815,154632
141,1786,3101,101161,155133
142,5284,4963,99581,155555
143,3703,886,99437,155611
144,218,1626,99371,156446
145,54,987,99596,158649
146,5842,4944,102744,158789
147,1102,5471,101040,159363
148,2598,2565,100422,160527
149,4793,5231,99511,161314
150,5050,1134,99390,162430
151,626,4996,100124,163420
152,4276,1668,99753,163881
153,4954,2767,99618,166782
154,3000,3961,99691,168037
155,859,478,100495,168088
156,5544,3178,100985,169493
157,543,5013,99836,171270
158,1346,3525,99953,172535
159,1551,746,100023,173796
160,3414,5203,99008,174294
161,2033,2304,99828,174607
162,3035,5081,99621,175502
163,2829,4775,99620,175828
164,5127,4689,99407,178163
165,5497,1595,100330,178316
166,4312,3028,99353,181187
167,490,5454,100011,181241
168,325,3850,100254,182048
169,633,4789,101662,183976
170,548,3679,99509,186410
171,3731,330,98587,186738
172,1888,5409,100507,186980
173,1492,405,102475,189093
174,5155,379,99584,189335
175,5533,449,100295,190948
176,1568,343,100532,193152
177,5404,4612,99211,193496
178,2836,5830,99596,194530
179,1069,1093,98664,194551
180,5499,2962,100517,195308
181,1882,5575,98836,195501
182,651,3581,98213,196548
183,4180,2726,100067,197724
184,3970,303,101326,199271
185,3530,361,99829,204821
186,787,1942,100023,205470
187,1868,4018,97735,206395
188,1352,1233,101013,206581
189,3332,2618,100959,207023
190,4936,3008,100368,208409
191,1757,94,98192,211626
192,4149,3687,102663,212243
193,4714,5424,98980,213185
194,4901,4390,98484,213859
195,41,1607,101173,214894
196,4479,2678,100056,218237
197,699,5674,98724,220116
198,623,3776,100354,220823
199,4834,3270,101399,223110
200,1086,1379,99765,223270
201,4514,3427,98069,223739
202,3867,1613,98932,224561
203,879,4448,102020,226266
204,721,1781,101084,229558
205,2784,4699,100139,229930
206,5808,4453,100203,231109
207,1561,4753,99138,231292
208,3913,4860,99822,232192
209,2993,5805,99380,232363
210,3304,5804,98817,232662
211,3159,1554,100357,232973
212,1524,593,99752,234448
213,1962,2527,101337,235375
214,3416,3770,100660,235842
215,2247,5503,100317,236934
216,1555,2228,100215,237342
217,5982,2672,99491,239917
218,4848,4636,101755,242424
219,3908,3104,100244,244166
220,3169,4886,99523,244211
221,3670,1274,98871,244376
222,2236,3874,100595,244876
223,2715,5222,100457,245900
224,5884,4301,99999,246048
225,243,4,99691,246704
226,3586,1678,99867,246804
227,5457,521,99879,246969
228,5171,2114,100427,250103
229,1302,17,100549,250130
230,3760,3073,99234,250714
231,3478,592,99498,250857
232,2295,4065,99918,251514
233,2883,2323,99719,252174
234,1892,2116,99179,253373
235,4426,3807,99534,253706
236,4948,3639,101497,255654
237,2304,3739,98691,255893
238,2350,3193,100768,256227
239,3742,761,103641,258831
240,2377,3788,100005,260731
241,3891,642,99548,261147
242,5072,1938,101702,270375
243,3149,2623,100358,270457
244,5056,5775,99733,272112
245,1532,2969,101307,272476
246,2810,5238,101043,273263
247,1808,3436,101714,273789
248,3333,5461,98452,274352
249,5109,4448,100794,275276
250,4803,4411,98975,277020
251,1110,1100,97705,277130
252,4032,6,100097,277618
253,2897,1446,100721,279136
254,2426,1451,98963,279445
255,1324,2189,99867,280145
256,2016,3944,101593,282756
257,142,1130,99270,282784
258,1008,2382,99806,283810
259,3636,3507,100524,283842
260,4212,2233,98192,285203
261,3988,1409,100241,287155
262,4528,2067,99749,288226
263,3120,5603,100314,288684
264,3231,3599,98813,290700
265,5204,2534,99975,291215
266,2405,5095,98960,292330
267,2234,2963,100110,293301
268,512,2611,99151,294513
269,4403,1371,99953,295150
270,2356,2231,100981,295329
271,2415,2508,99283,295740
272,4761,4869,99341,295749
273,4250,5401,99492,296494
274,2103,4750,99890,298085
275,3327,4721,100649,298198
276,3544,741,99127,298238
277,4052,2083,98873,298244
278,1614,5964,97939,298279
279,3417,1538,99497,299027
280,4142,1860,100331,299969
281,3896,209,99504,301822
282,204,5547,101711,305167
283,4507,3297,100688,305735
284,3955,5190,100126,305964
285,4205,1018,100870,306672
286,718,2304,99859,307663
287,1079,4191,100968,307741
288,2340,3414,98618,309536
289,3202,599,98671,310188
290,2056,4744,99913,311090
291,4732,5132,101032,311181
292,5546,189,101281,313046
293,1933,3846,99883,313086
294,4615,4167,98841,313377
295,4924,1995,100863,313769
296,2447,3978,100155,314263
297,4297,50,99130,315352
298,2038,3217,99731,316417
299,488,949,101463,316753
300,4742,3057,100268,317543
301,655,2886,100246,318218
302,5257,3042,100037,318978
303,2271,4674,99838,319013
304,3656,4686,100415,323008
305,3904,5349,98852,323373
306,2636,19,100916,326011
307,3960,1325,100650,326087
308,5104,4591,101237,327706
309,3067,3310,100645,328517
310,5111,5842,98525,331192
311,4977,5048,99400,334234
312,4073,3610,101728,334353
313,2200,2463,98456,335876
314,3535,4437,98620,336535
315,4338,2611,100798,336705
316,3488,3883,101426,338619
317,5257,303,100019,338623
318,1833,4735,99490,339273
319,81,1517,99194,340626
320,685,4611,99489,340627
321,783,4580,99030,340838
322,772,3803,98424,340903
323,939,986,99393,341368
324,982,947,99824,343026
325,2860,1558,98545,344002
326,4201,4520,99037,344833
327,5092,2278,101020,346019
328,424,618,99170,347152
329,1527,5976,99778,347180
330,539,2093,99853,347267
331,4268,2524,99129,347420
332,3023,3233,99867,348243
333,1732,515,99629,349277
334,5092,1605,100021,350976
335,4775,745,98341,351125
336,1591,4742,100076,352897
337,1474,3564,101073,353191
338,3137,2643,99561,353527
339,2460,2752,98543,354012
340,3251,5227,98586,356751
341,527,4805,101067,359150
342,5830,2847,101007,359240
343,3191,704,100770,360326
344,2903,1840,98613,360628
345,360,306,99241,363172
346,168,3953,99624,363604
347,2158,3541,100398,364049
348,5928,5154,99876,364582
349,2604,4297,98511,364666
350,5468,83,98266,366687
351,1499,3137,100254,367084
352,751,3543,102340,367360
353,4100,5833,100308,369462
354,3800,5971,99557,369614
355,3887,2841,99207,370072
356,425,5597,99502,372977
357,2747,4797,99225,373884
358,100,4552,100480,374451
359,3341,2564,99720,374691
360,1855,1957,99508,375624
361,2945,3575,98645,378991
362,5885,2372,99846,379004
363,2820,3418,100291,379349
364,4568,52,100493,382095
365,899,4516,99455,386587
366,2419,674,100071,386996
367,3287,301,98695,389164
368,4438,2849,101178,389177
369,4957,3347,99878,391112
370,2085,5695,100376,391113
371,317,4974,99929,391208
372,3646,3025,99736,393122
373,3966,5750,99055,393694
374,139,5297,99748,393708
375,4958,1173,99528,394403
376,2483,1472,98561,396520
377,3304,3292,99957,397374
378,889,1592,99977,397611
379,2958,4222,99578,398824
380,338,5557,99400,399302
381,4127,5004,99028,400573
382,4530,1771,98425,401655
383,2160,2694,100810,402005
384,738,1302,99974,403421
385,3416,3794,98766,404303
386,5019,1001,100927,404422
387,5760,4563,101511,404766
388,4542,4441,101113,405132
389,4866,5923,99972,405425
390,5973,792,99301,405853
391,393,3489,101332,408123
392,4049,3875,100437,408825
393,1069,3498,99825,409755
394,96,1286,100373,417439
395,819,5218,100621,419237
396,1862,1624,98147,419535
397,3529,4526,98952,422031
398,183,378,98615,423760
399,870,5033,100011,424070
400,372,3040,98439,424453
401,5251,5299,102088,424598
402,3462,1825,99185,424963
403,3863,5508,99777,425721
404,3470,4484,99497,425856
405,4243,1578,98756,425864
406,173,5274,101012,427433
407,1848,5571,99592,428111
408,3917,1180,99816,432075
409,3304,3902,99346,432374
410,3010,1224,98687,432475
411,1174,5378,99276,432501
412,5204,2939,101173,432534
413,1572,2821,99990,432546
414,2464,471,99989,434346
415,4145,2635,100986,436572
416,1966,726,100356,436713
417,3913,2021,101174,438260
418,659,155,99943,438616
419,1309,3742,100267,439455
420,724,3641,99284,441662
421,4240,1691,100589,442420
422,4848,2911,100480,442714
423,4921,5650,101339,442837
424,4684,3272,100783,442971
425,180,1732,101175,443716
426,1610,2535,101589,444330
427,3572,3011,98528,444603
428,4100,5752,98862,445401
429,410,5556,101077,446840
430,5278,938,100623,449993
431,3569,2146,99196,450658
432,3353,63,99374,452020
433,3960,5822,99545,453874
434,2063,3943,100157,456325
435,3912,2358,99216,456859
436,577,5793,98355,457220
437,5084,1149,100425,458998
438,1143,4603,98919,460963
439,1747,3855,100990,462297
440,77,4808,101212,465107
441,2714,4508,99865,465238
442,5540,3756,99345,465811
443,5132,5487,99347,466881
444,5276,3967,100993,467877
445,1551,3890,98909,469254
446,3299,2802,100440,470021
447,2190,5749,98344,471023
448,2279,5532,97539,471374
449,2447,2584,98268,473718
450,3981,2368,101471,474623
451,590,3243,99935,474823
452,2217,1469,99594,475282
453,5081,1134,100806,475535
454,5527,4853,98262,476814
455,486,4736,101084,478843
456,1211,2367,102239,479996
457,3254,754,100457,481537
458,2646,463,99850,482240
459,3293,2110,99714,482700
460,1609,2405,100278,483091
461,3353,269,99654,483112
462,2365,1376,100147,483280
463,5472,2689,99547,483575
464,2617,3565,100675,484839
465,4006,2711,99457,485297
466,702,3634,98348,485474
467,4464,4974,99979,487588
468,5890,3468,100382,488162
469,4946,5812,100746,488345
470,1401,5653,99769,489381
471,5428,4680,100497,491417
472,5102,1527,101346,491490
473,5979,2641,100669,492201
474,4437,2527,100456,492542
475,4591,1787,99033,492796
476,3024,752,100341,497661
477,5395,2663,98808,498389
478,5907,1067,99689,501602
479,4421,785,99921,501954
480,621,5211,101620,503615
481,320,3427,101358,504895
482,5999,2192,99728,505614
483,1139,3911,99240,506372
484,2716,3330,100922,507181
485,4842,3014,101287,507644
486,5457,2997,100130,507907
487,4089,3964,99831,509062
488,40,1424,100433,509304
489,102,767,99535,509406
490,1244,349,100550,510077
491,2528,382,100987,511067
492,400,5405,101086,512377
493,5360,1303,99008,512794
494,3101,2078,99879,513146
495,788,1228,98886,514104
496,4741,180,99551,514385
497,627,3191,100862,515381
498,3479,1208,100976,515741
499,667,3092,99368,516063
500,5082,2369,100260,516729
501,4342,4201,100385,518084
502,4025,1485,100095,518364
503,3939,4903,99356,518728
504,4036,1544,98553,518877
505,2684,1979,100690,519068
506,4368,5157,101087,519150
507,5739,5852,100719,521032
508,2465,877,99967,522343
509,876,4340,99926,523179
510,4475,1894,99468,524086
511,3697,4621,100577,524725
512,5213,665,103184,526492
513,871,3937,99889,526551
514,3849,989,101120,527417
515,470,3757,98500,527796
516,3710,2055,97194,528025
517,98,4340,101211,528335
518,801,946,100943,528588
519,3271,4827,99187,529448
520,4087,3938,99869,529655
521,2841,1523,99880,530787
522,2643,5894,99404,531285
523,2118,2155,100322,531527
524,4269,4761,101008,532013
525,4389,1436,101354,532663
526,533,4126,100437,535772
527,4156,5496,99343,536008
528,3383,4193,99186,536342
529,124,964,101667,538074
530,3098,2227,99531,538244
531,1619,1277,101199,539157
532,405,2233,98184,540832
533,631,2859,99687,541516
534,727,1862,99248,542134
535,1444,5102,99408,543398
536,5948,1340,100308,543771
537,623,3124,100790,543849
538,125,4929,99613,544576
539,1085,3899,100003,544965
540,683,3064,100237,545028
541,5055,4687,100462,545124
542,374,3037,99618,546513
543,2494,4323,101066,547333
544,4208,3008,99429,547660
545,883,2461,100434,551415
546,1575,4411,100702,552350
547,1662,5420,98651,552901
548,3794,103,100441,554394
549,2055,1203,100797,554527
550,1878,4383,98658,556766
551,4845,965,100347,557717
552,217,5629,99395,559123
553,2683,2298,98988,559306
554,1213,2816,101284,559524
555,73,1285,100431,560103
556,4515,2179,100728,561470
557,2883,3046,101199,562686
558,429,4192,99991,565536
559,4898,3989,100598,565721
560,1182,465,100689,566144
561,305,2922,99283,566386
562,5514,1908,100402,569146
563,3336,3524,97243,569366
564,3708,3220,101144,569987
565,4656,5379,98481,570509
566,5048,775,99765,573615
567,5999,5242,99767,575923
568,562,2779,98657,576017
569,4724,23,100091,577341
570,1374,4296,102020,577833
571,5502,5446,98839,581149
572,2393,2486,100534,582555
573,5719,5846,101158,582865
574,5126,5345,100273,584202
575,5900,1331,99152,586630
576,2098,3271,100362,586782
577,1713,5484,99873,586814
578,3692,4537,97490,586905
579,5947,1980,100428,588260
580,2612,1160,99285,590164
581,5334,2167,101880,591878
582,3504,1594,100376,591898
583,3356,890,100994,593585
584,1537,3918,101193,594409
585,4651,1031,98108,594958
586,3379,4696,100096,595683
587,2236,1090,98291,596057
588,2264,3300,98569,597581
589,711,3794,100171,601114
590,2769,865,100378,601878
591,1989,4028,102617,601990
592,972,4921,100468,603549
593,4402,4823,100185,603619
594,2370,219,99891,603718
595,972,931,99780,603847
596,166,4656,99381,604382
597,5023,2820,101403,605685
598,4228,3795,99046,606256
599,567,821,100640,606706
600,5098,1332,99774,606931
601,3404,1923,100528,607807
602,229,3958,99335,607956
603,1732,4382,100019,608075
604,235,5101,99863,608325
605,2545,2309,100278,610363
606,5558,3911,102283,612580
607,4316,4524,99717,612953
608,2132,1157,99522,614225
609,1363,2246,99306,614499
610,3040,5357,100297,614649
611,2342,245,97898,614887
612,3070,4487,99768,615473
613,2084,5229,100996,616217
614,3401,3852,99918,617785
615,2787,5814,101582,618374
616,23,4444,101013,618546
617,3279,76,101245,618698
618,5721,733,99438,620585
619,2560,1855,99737,621102
620,2071,4995,98115,622946
621,4664,3455,99353,625462
622,2722,1369,100632,626300
623,1787,133,100130,629095
624,6004,5395,99976,629434
625,1206,3983,101095,630209
626,5787,1348,101706,630345
627,203,1961,98484,630730
628,3049,5784,99902,634055
629,1540,2248,103547,634513
630,5677,5573,100214,635826
631,5357,79,100393,635850
632,2264,1162,100491,636936
633,1822,5531,99182,637710
634,5326,1538,100243,638253
635,4970,1663,100054,641981
636,2337,505,99495,642014
637,2443,3225,100256,643379
638,5433,4998,100915,644755
639,5339,2853,101306,646108
640,3780,2306,99707,647398
641,3569,3180,98685,648459
642,2533,3946,101135,650097
643,3530,262,100637,650314
644,4900,3685,97666,650607
645,1404,3225,99064,651820
646,5194,4534,99021,654208
647,3717,4433,100758,655543
648,558,3012,99695,655604
649,5086,2259,101130,655614
650,3941,3622,100070,655792
651,595,3499,98332,659016
652,5750,4958,100282,659070
653,3079,1047,99915,659292
654,1536,5890,101164,660188
655,5413,2165,99860,660670
656,3256,1335,99941,660721
657,5879,194,102657,662266
658,2784,5858,100195,663163
659,5027,1612,102476,666993
660,2745,4105,99649,667416
661,5379,5201,99268,668241
662,2370,645,99138,668743
663,746,4960,100246,670394
664,5565,3162,100863,672951
665,2162,454,99454,673763
666,4321,3308,98737,675957
667,5688,960,99139,676355
668,4202,391,99600,679044
669,2020,3598,101717,679674
670,2024,5963,101959,680382
671,4288,2155,100115,681078
672,1762,1809,98637,682000
673,4029,1910,99453,683275
674,1207,3725,101085,683717
675,2549,1788,99421,684484
676,3163,4899,101418,684882
677,810,3601,100790,685165
678,4002,723,98192,685277
679,859,4522,100231,685343
680,1032,3908,98361,687704
681,1937,5462,99072,687778
682,2554,1835,100182,691187
683,1852,4363,100456,693072
684,825,969,100243,695340
685,3954,199,97178,695554
686,5479,3021,100046,697343
687,2093,835,101283,697403
688,3521,1033,101015,698190
689,4458,1124,100268,698676
690,4594,5828,100957,701520
691,536,1610,101100,703606
692,4175,2136,101141,704262
693,3971,1552,98704,704296
694,3627,4298,99567,704615
695,2313,847,100802,706713
696,924,3764,99096,708127
697,2834,1896,99028,709305
698,1793,574,102637,709668
699,3839,271,100874,709679
700,515,1586,101517,710077
701,564,172,100174,710597
702,3102,4096,99367,711457
703,3362,4154,100938,713143
704,2159,5251,98120,713909
705,2442,3677,99855,715024
706,3233,5431,98958,715452
707,5813,4041,100308,717499
708,4792,2583,102821,718455
709,1331,1736,100435,720801
710,1452,5187,99890,721286
711,4331,2419,100259,721753
712,1854,3063,99393,725636
713,4202,5848,100611,726304
714,5301,3354,99600,728273
715,2996,4020,99973,731098
716,3280,95,99823,734921
717,1520,1021,99428,735048
718,194,2665,98670,736820
719,1757,4313,101086,738795
720,4081,2330,102150,739532
721,5249,3432,99199,741118
722,3779,3258,100030,741346
723,3004,5160,101840,741600
724,5577,1933,100724,743320
725,325,2185,100780,744015
726,1050,2283,98278,745281
727,1296,1169,100496,746380
728,4415,2966,100222,747591
729,2989,734,100880,748043
730,5935,3604,100106,749404
731,2900,4850,99111,751366
732,1412,1508,99574,753905
733,3762,5781,100632,755558
734,3851,5387,100048,755916
735,1029,3217,99681,759533
736,5119,343,101403,760221
737,196,4255,101298,762070
738,5490,4378,99150,766541
739,3538,5996,100351,767195
740,2839,3955,99912,768368
741,418,5907,100064,769836
742,1918,3882,101643,770049
743,305,2086,99905,775269
744,4927,4252,100304,776678
745,3254,3280,100520,778371
746,2858,2872,99309,779856
747,5599,4237,98686,780000
748,3032,3237,98423,780828
749,2463,4092,100773,781121
750,3589,2069,101833,781365
751,3569,5800,100627,781422
752,4547,4880,99038,781537
753,1905,3695,100972,782027
754,5354,5189,97700,782744
755,1458,3861,100257,784805
756,581,5732,99243,784923
757,5205,3524,99429,786085
758,2525,5047,101826,786133
759,1210,4747,98777,786763
760,1422,3709,99098,787497
761,163,2437,99242,788808
762,494,272,100693,789176
763,2877,1186,99223,790039
764,3117,2293,101369,791075
765,4992,749,98198,791147
766,262,1805,100464,792155
767,2237,3158,100251,792554
768,2625,4254,101154,793067
769,1971,3014,100905,793451
770,1766,5720,99626,793468
771,1081,2055,99558,793493
772,4358,5281,100366,793715
773,5722,5630,100726,793987
774,4251,2327,99516,795267
775,1315,3787,98902,796438
776,3072,2937,100142,796838
777,4185,3789,100669,799324
778,2252,1058,100127,800566
779,4636,1009,99379,801512
780,4595,989,100628,802634
781,4951,1966,98704,803970
782,2434,1055,99433,805369
783,5245,4132,99520,807139
784,19,2423,100579,808247
785,3252,1779,97936,809038
786,405,260,97856,809648
787,759,5915,101723,814134
788,6005,376,99684,814350
789,2245,3764,100256,814687
790,5188,4686,99781,815873
791,2009,5215,99381,816239
792,3915,3419,99301,816333
793,5455,2016,101032,816390
794,2949,3820,98858,817593
795,5200,5936,101412,817650
796,3966,3854,99479,817902
797,3523,2389,100001,818691
798,4654,303,99270,818927
799,3227,4518,98316,819822
800,5749,1986,99183,820762
801,4109,147,98816,821331
802,535,2934,100001,821922
803,3786,4017,102049,822514
804,314,2841,98391,825124
805,2365,4294,100704,825334
806,321,4067,101444,826710
807,765,2481,100668,827232
808,1851,4178,101424,827418
809,4938,2973,100052,827835
810,2842,3224,98589,828792
811,740,2919,99712,830754
812,2413,2262,101160,830997
813,5122,4223,100198,832675
814,1579,2130,99293,834100
815,1411,4721,100293,834946
816,4831,3871,99412,835273
817,2367,990,100707,835758
818,4696,487,99427,835997
819,3086,1566,101200,837716
820,3920,4176,98580,837729
821,3044,4848,98705,837981
822,1995,2940,100059,838459
823,254,1244,99841,838472
824,2189,1104,101199,839347
825,4399,1910,99306,840296
826,2564,3932,101512,841201
827,4889,203,100809,841843
828,4439,5886,100074,842111
829,5997,1181,98648,842914
830,1702,3868,99908,843190
831,5501,4180,100300,845000
832,4765,2883,99564,845070
833,1685,3551,100303,847585
834,1360,978,100384,847892
835,5160,5126,99369,848724
836,2756,2790,100284,848965
837,4276,2868,99801,849840
838,1653,1229,99618,850038
839,159,5296,98815,850880
840,294,3778,99786,851538
841,920,1018,101235,852020
842,2406,1694,100827,854214
843,203,974,100675,854813
844,468,3026,99874,855107
845,1359,3445,102406,855868
846,4089,3664,101006,857358
847,4930,2331,98809,858581
848,1720,3250,98829,860119
849,2603,2810,100224,860355
850,3463,864,101088,860927
851,4179,3097,102059,861320
852,5894,407,100286,862255
853,5062,5813,100141,862315
854,1325,1235,99830,863385
855,5182,414,100284,863678
856,5420,5756,101461,865518
857,1828,3352,100404,865844
858,3389,2233,100331,866277
859,1982,5765,99462,868593
860,4917,3018,100002,869040
861,3482,5876,100635,869567
862,3367,4638,102620,871081
863,4364,822,98312,871210
864,888,4772,100176,874165
865,4127,2388,98945,874751
866,5555,663,100396,875279
867,235,3794,100861,875727
868,5222,5910,99165,876710
869,1234,4201,99175,878396
870,1622,1861,100752,879798
871,2381,2630,100122,882354
872,3250,5618,99784,883844
873,2530,1922,100223,884084
874,4848,5526,99533,886394
875,3406,2382,101228,887346
876,1888,2884,99542,890242
877,4458,2961,100060,890487
878,4135,2917,98713,890800
879,2361,592,99042,892733
880,4147,2596,99638,894416
881,2929,970,100550,894610
882,2872,5534,99951,894926
883,4469,2204,99853,895106
884,4869,4916,99277,896762
885,4652,5761,101356,897423
886,205,4809,99413,901897
887,1056,5591,97966,906609
888,4259,5159,99036,908029
889,2578,5032,99724,909670
890,4500,942,99578,910355
891,1409,1730,99460,911236
892,2470,1124,99165,911343
893,4727,1669,99230,912197
894,3124,376,98957,912618
895,1894,120,101697,912918
896,89,4618,100343,912971
897,2710,964,100610,913334
898,3559,2168,100953,913914
899,825,4149,100519,915553
900,377,4663,99694,915742
901,2993,913,102644,917189
902,2637,2981,99495,918492
903,1370,5228,99600,920345
904,2946,4842,98580,921195
905,4592,1240,101911,922490
906,4340,496,100257,923192
907,4041,2039,100349,923396
908,5490,4160,100700,923520
909,1613,1384,99885,926152
910,199,2474,101585,926341
911,3714,1618,98592,926394
912,5898,3389,100212,927715
913,2867,5453,100623,929051
914,1716,94,100127,930680
915,3613,3275,99738,931241
916,4012,2338,99880,931270
917,4395,2073,99952,932747
918,2613,3184,100352,933486
919,3365,490,99759,933964
920,1192,1007,99858,937490
921,5776,4441,101248,938222
922,5588,1894,98823,938393
923,1377,191,98822,939632
924,581,178,98609,940084
925,3953,5602,100680,940992
926,3156,5142,99146,941105
927,5792,3460,101129,941318
928,5530,2584,99824,943285
929,614,1609,99826,943867
930,3946,595,100163,944970
931,2949,1752,101040,947190
932,387,4033,101465,947486
933,4223,2452,99702,948134
934,880,2411,100156,949718
935,5209,2047,100560,949750
936,5237,4193,99608,950241
937,2669,1048,99093,951404
938,5944,5807,97646,951523
939,5340,654,100589,952780
940,2072,726,99244,952928
941,5846,2394,99132,953314
942,5575,5467,101823,953773
943,5446,2579,98760,953992
944,3027,2962,100787,955384
945,1344,5535,100286,955388
946,217,97,100357,957640
947,1804,3079,99465,961373
948,5624,625,100211,962153
949,5505,5151,100422,962643
950,3791,3786,99998,962900
951,3618,5537,100455,963749
952,857,25,100836,963953
953,5347,3825,101610,966914
954,3429,353,100662,967576
955,1966,272,99407,969098
956,1390,3864,98477,970341
957,3032,5255,99452,971189
958,455,3110,99592,971521
959,544,3119,98650,971870
960,1056,4136,100000,972221
961,4949,1373,99336,973829
962,1988,3449,101195,973880
963,1039,1540,100094,973934
964,5551,4567,100840,974979
965,5648,4084,98085,975087
966,5737,5038,100054,975226
967,4872,719,99649,975815
968,5868,1494,98866,976691
969,2576,1463,100116,977261
970,2386,4461,98629,978137
971,168,1322,100450,978449
972,2949,5946,102322,981786
973,2417,978,101586,981845
974,828,4804,100570,982359
975,1649,1996,100528,983343
976,5236,4383,100893,985264
977,857,5024,99728,986168
978,465,5042,99683,986424
979,5748,701,100535,987219
980,2000,824,99548,987943
981,1571,4527,100547,988413
982,3357,2068,98071,989279
983,1291,4670,101006,990868
984,5019,2640,100277,991181
985,2191,1788,100212,991364
986,1654,470,99077,991986
987,2886,1519,101161,994327
988,3490,1514,99330,995739
989,3008,4038,101180,997397
990,750,3409,100108,1000745
991,681,3744,99257,1001084
992,3650,1498,99560,1002292
993,2863,1795,100754,1002343
994,3404,4296,99409,1003304
995,5233,1380,99543,1006755
996,5971,1312,99760,1009384
997,408,2052,99710,1010659
998,166,881,99858,1011912
999,2569,5526,99546,1012724
1000,5292,4299,100825,1015255
1001,5432,387,99948,1017296
1002,2940,4499,99296,1019909
1003,3658,1238,99217,1020576
1004,1213,4575,101329,1021831
1005,2796,2120,98136,1022179
1006,1523,1894,101903,1024666
1007,1557,480,100127,1024788
1008,2704,1858,98966,1025571
1009,6001,655,101334,1025810
1010,5457,1321,99999,1027281
1011,5780,4165,99445,1027373
1012,4232,2594,99670,1028030
1013,1572,3150,99632,1028984
1014,4466,3688,102176,1029551
1015,3263,121,97461,1034144
1016,5270,4809,99403,1034161
1017,5150,3952,99102,1035955
1018,1272,2365,99455,1036740
1019,2271,2028,99524,1038697
1020,801,4423,102089,1039278
1021,5798,3602,99674,1039458
1022,3529,1611,100766,1040361
1023,2066,5396,103151,1043760
1024,2951,4705,100002,1043803
1025,5879,2759,99655,1045188
1026,4924,1002,97851,1046232
1027,2089,2884,100860,1047097
1028,1251,3676,99215,1047499
1029,2029,3835,101720,1047637
1030,1048,5167,98804,1049513
1031,1945,4088,100532,1050892
1032,1011,401,100731,1052664
1033,1859,3050,100630,1052855
1034,1600,3582,100226,1054005
1035,3512,2002,102602,1056041
1036,3433,191,101376,1056211
1037,2868,719,99947,1057141
1038,4139,1947,100513,1058169
1039,4540,567,101377,1058643
1040,3742,693,100401,1059080
1041,3587,2868,99189,1059854
1042,5976,164,100146,1060533
1043,1256,1014,100660,1060739
1044,2929,1785,99758,1061104
1045,3710,907,99517,1062458
1046,904,5725,100705,1063440
1047,147,3945,99745,1064561
1048,798,3063,99690,1064729
1049,2876,503,100462,1065231
1050,1921,3522,99565,1067484
1051,4436,338,100465,1067971
1052,5066,4118,97573,1075316
1053,2447,5201,98824,1075423
1054,2599,2150,98449,1075516
1055,3445,2552,99467,1075717
1056,5900,5404,101294,1076259
1057,4083,709,100894,1076764
1058,966,1918,99737,1077807
1059,2207,3179,99972,1080195
1060,711,1355,101289,1080887
1061,5467,3407,100044,1081396
1062,2221,4468,100754,1082711
1063,2677,4704,102691,1086047
1064,3949,3085,100566,1087011
1065,5369,3426,100992,1089275
1066,4129,775,99934,1091268
1067,5001,5136,98995,1093100
1068,534,5867,98765,1093769
1069,2154,659,99893,1095309
1070,1110,2869,99601,1096013
1071,552,5776,100049,1096093
1072,4783,3642,98938,1100660
1073,1217,3385,99043,1100820
1074,1458,5718,100425,1101327
1075,3912,4896,101409,1102510
1076,2131,5649,99676,1103250
1077,180,1015,101708,1104783
1078,4376,1172,98448,1104840
1079,5286,4337,101564,1105626
1080,5242,112,100504,1106373
1081,981,4825,97409,1109015
1082,3191,1654,100809,1110675
1083,5769,5913,99187,1111629
1084,4152,3361,99444,1112586
1085,3748,90,100544,1113070
1086,2576,3815,100440,1114691
1087,3224,5832,99632,1114795
1088,2893,2600,100708,1116644
1089,5491,1295,101914,1117361
1090,3112,4987,101296,1117581
1091,1115,5136,100076,1118449
1092,2144,4756,99777,1118516
1093,2068,238,99913,1120407
1094,5835,2988,98389,1121265
1095,3582,449,99767,1122128
1096,3334,3746,98856,1123848
1097,569,4006,98595,1124870
1098,2658,1010,98988,1128186
1099,4008,1815,100657,1128295
1100,958,5444,99767,1128493
1101,1861,974,99020,1128686
1102,5914,251,98960,1128694
1103,5991,602,100846,1128797
1104,5474,5530,99806,1130710
1105,4453,3016,102005,1132521
1106,5587,5337,100034,1137938
1107,4825,1498,99912,1138464
1108,1472,3772,101591,1138563
1109,1856,786,98638,1141860
1110,614,1936,98776,1142423
1111,2652,3078,99318,1143162
1112,1472,2047,100946,1143451
1113,2971,715,99680,1145424
1114,1372,970,101713,1148638
1115,5648,3137,101000,1149154
1116,350,1068,99565,1152485
1117,1039,2455,99426,1153843
1118,4948,3828,99848,1155595
1119,420,4338,100691,1156568
1120,5031,5354,101180,1156836
1121,5626,3885,100443,1156899
1122,32,3988,101049,1157202
1123,5112,1581,100119,1158177
1124,1847,2371,99320,1158668
1125,2297,812,100166,1159107
1126,5127,4071,100259,1159494
1127,2359,2976,100119,1161636
1128,878,2762,99194,1161644
1129,3051,1051,100294,1161928
1130,1856,2079,100969,1162615
1131,490,546,100278,1165060
1132,804,2837,97857,1165531
1133,5008,848,98121,1166806
1134,2405,3626,98357,1168615
1135,3566,3369,100581,1168735
1136,3378,578,99778,1169399
1137,5497,799,100386,1170356
1138,1013,1658,98533,1170389
1139,253,3515,100157,1170557
1140,1984,5999,99571,1171354
1141,3689,1862,100652,1171884
1142,5059,1452,98212,1175450
1143,4465,3502,100943,1176512
1144,3112,1658,100481,1177463
1145,4985,2880,99952,1177864
1146,5515,1437,99309,1177940
1147,4348,5295,100297,1180088
1148,1824,969,100710,1180824
1149,2283,2521,99036,1182745
1150,5458,4748,101603,1183093
1151,259,1753,100734,1183189
1152,5696,4181,101013,1184322
1153,3705,1539,100843,1184480
1154,5114,700,102397,1184500
1155,4299,3250,100783,1184704
1156,3629,2277,99779,1185794
1157,5112,4968,100554,1187833
1158,2081,2511,98284,1189085
1159,456,4859,97132,1189861
1160,5955,643,99973,1191773
1161,4916,4513,97883,1194935
1162,2181,3092,101937,1195322
1163,4820,4080,100194,1197809
1164,4025,1926,100355,1198286
1165,89,3497,98381,1201657
1166,3513,5443,100433,1203174
1167,1288,4705,101264,1203528
1168,1461,4031,100457,1205055
1169,4804,4890,99183,1205743
1170,4360,1536,99654,1206628
1171,3483,1878,98336,1206696
1172,5584,674,98046,1208242
1173,3261,3945,100214,1210263
1174,4248,1773,99198,1211659
1175,4258,1339,97937,1211914
1176,519,2087,102286,1212038
1177,1760,5751,99969,1216145
1178,4328,3640,98855,1216220
1179,4293,5435,99855,1218236
1180,3015,809,99796,1220705
1181,4766,5078,100153,1221829
1182,1087,4934,100513,1221970
1183,1405,3274,99480,1222832
1184,2187,2152,101270,1223184
1185,874,441,99849,1224054
1186,785,319,100048,1224194
1187,3411,380,100901,1225350
1188,1153,3032,100364,1225484
1189,6005,4073,99227,1226639
1190,5405,3066,97928,1227098
1191,391,796,99804,1227750
1192,5130,5447,98219,1228072
1193,3530,2430,98891,1229715
1194,1298,629,99883,1229991
1195,3003,1976,100918,1230904
1196,778,1340,100445,1231159
1197,2535,4850,98032,1231587
1198,61,4179,99314,1232403
1199,741,986,100069,1232962
1200,4706,3980,100569,1233931
1201,4874,3574,99297,1235106
1202,956,5245,98444,1235349
1203,3508,1024,100056,1236430
1204,4538,2593,99132,1238148
1205,1379,5889,99065,1238335
1206,1470,1157,100778,1240162
1207,337,1806,99380,1240248
1208,5500,5443,99714,1241085
1209,760,706,99245,1241882
1210,3775,3333,100617,1244443
1211,3611,3855,99023,1245558
1212,2856,2471,99098,1246179
1213,1661,2388,99766,1248032
1214,2808,5245,98965,1252654
1215,5718,1750,100752,1255622
1216,5621,3529,101367,1255910
1217,1998,5219,100094,1257445
1218,3642,33,99114,1259526
1219,5502,162,98547,1260989
1220,2814,5113,97916,1261210
1221,714,1246,98906,1261989
1222,753,5790,101104,1262165
1223,3989,4977,100213,1262715
1224,206,1439,101945,1263427
1225,5285,2079,98710,1263667
1226,1392,4262,99200,1266573
1227,821,3262,100354,1267940
1228,74,3404,98604,1268367
1229,216,428,100440,1269673
1230,3091,858,99121,1270127
1231,4751,4233,100826,1272919
1232,2225,3183,102863,1272934
1233,3437,4517,100654,1273361
1234,4706,5381,99042,1274938
1235,2875,1667,99055,1276336
1236,2240,1983,100081,1276430
1237,640,4455,101034,1276569
1238,2724,4397,99928,1278569
1239,2610,4147,101586,1282778
1240,5079,4740,100972,1283856
1241,4256,257,101392,1285557
1242,4157,5496,100729,1285732
1243,1515,3261,99972,1285734
1244,2040,833,97755,1288010
1245,5217,1157,100376,1289636
1246,5911,4707,100197,1289892
1247,5631,1021,99573,1290187
1248,1726,2060,99456,1290354
1249,5313,599,99992,1293647
1250,508,2998,99030,1294126
1251,1805,5825,99864,1294145
1252,2493,2605,99604,1294203
1253,5432,1469,100462,1294933
1254,2691,2128,98578,1295543
1255,5447,3219,99804,1295729
1256,3316,1413,100938,1296300
1257,2853,2180,99772,1299374
1258,2454,1488,100700,1300062
1259,5623,1478,101430,1300652
1260,4155,3631,100883,1301027
1261,3724,1436,100027,1301101
1262,212,2816,98540,1301641
1263,4831,2200,99631,1303697
1264,1464,1373,98439,1303814
1265,5742,5120,98689,1304070
1266,5971,4134,99979,1304962
1267,4325,5735,100267,1306275
1268,5308,715,99463,1308142
1269,4045,4679,99780,1310278
1270,515,623,99072,1312665
1271,1373,4191,101068,1312824
1272,1739,5060,99707,1313878
1273,3859,4658,100430,1314189
1274,2699,193,100908,1314743
1275,2883,1970,102899,1317464
1276,3742,2422,101330,1317950
1277,2753,5175,98699,1321253
1278,3439,2918,101097,1322757
1279,493,3615,100202,1323618
1280,3150,1593,100826,1323697
1281,2328,3882,98650,1324106
1282,2325,3056,101929,1325192
1283,5037,4096,99566,1325266
1284,3426,5344,99675,1326964
1285,3154,575,98577,1327955
1286,2112,2536,99595,1331164
1287,5149,1304,99770,1331863
1288,3816,3537,100251,1332114
1289,376,3097,100419,1333001
1290,4865,719,100035,1333439
1291,123,3917,98803,1337859
1292,5389,4895,101142,1338336
1293,3067,4296,100457,1339718
1294,685,2295,101448,1341128
1295,4360,526,101124,1341358
1296,326,5164,97676,1341687
1297,3736,752,100092,1342053
1298,143,4606,99073,1343981
1299,5635,690,99435,1344152
1300,586,704,100574,1344424
1301,32,2027,99626,1344739
1302,1133,3636,99793,1344798
1303,199,2075,99346,1345054
1304,1395,5388,99033,1345234
1305,375,4387,99298,1346893
1306,1381,5063,100663,1347189
1307,178,1328,101272,1351397
1308,2589,577,99454,1351529
1309,2050,4346,100710,1352264
1310,2511,3876,98954,1353077
1311,3805,2133,100377,1353606
1312,2866,2099,99528,1353810
1313,3957,1345,99547,1356393
1314,2248,3620,102217,1358159
1315,1335,5197,100122,1358415
1316,4306,2618,98810,1358594
1317,727,2048,98265,1359743
1318,3330,3659,99888,1360474
1319,2445,907,100415,1362584
1320,5245,5683,100938,1363925
1321,4696,237,101202,1364543
1322,5563,2189,98301,1366218
1323,5887,1798,100697,1368256
1324,5339,1934,99604,1368702
1325,2403,5687,99250,1370430
1326,4365,3975,98983,1370520
1327,1448,316,98527,1373540
1328,2798,2528,100913,1374229
1329,1518,11,98797,1374322
1330,4329,4847,100068,1374332
1331,5606,4783,98161,1374787
1332,2231,5,100804,1374999
1333,59,2004,100115,1375253
1334,530,3397,100008,1375412
1335,415,1035,98952,1375422
1336,3676,2840,99791,1375846
1337,5001,1225,100049,1378477
1338,4525,5075,98917,1379184
1339,80,3133,100586,1380630
1340,787,234,101068,1380824
1341,3694,184,98867,1381191
1342,994,2305,100822,1382263
1343,2360,3767,100818,1383007
1344,5225,1798,100545,1383945
1345,1780,2094,101421,1384086
1346,1797,739,98833,1386191
1347,4264,4234,98814,1386625
1348,4471,4197,100471,1386826
1349,4491,1753,99587,1388133
1350,3639,5585,100922,1388937
1351,2368,2912,101541,1390062
1352,1700,4645,100271,1390473
1353,832,2391,101773,1390655
1354,5418,3889,100478,1390935
1355,51,5992,99405,1391343
1356,5844,4998,98388,1391809
1357,407,3424,101180,1393555
1358,5856,449,100486,1395520
1359,5087,5293,99202,1397224
1360,3931,3746,100363,1398990
1361,554,2122,100259,1399446
1362,417,209,99374,1400609
1363,1680,4879,99843,1402669
1364,2795,5064,99597,1403506
1365,780,558,98765,1403720
1366,2495,3509,100685,1404371
1367,886,1189,100999,1404947
1368,5480,5615,99783,1405296
1369,5600,1182,99260,1405552
1370,5194,4335,99906,1406313
1371,4687,4571,99344,1406656
1372,699,961,100635,1408487
1373,1509,3132,99254,1410820
1374,5693,5900,99567,1415088
1375,4956,4530,98537,1418151
1376,2388,830,100940,1418810
1377,3475,1382,99864,1420022
1378,2322,3119,99900,1421079
1379,108,999,100697,1421766
1380,5502,3429,100290,1421824
1381,3840,2270,98975,1422392
1382,1855,3886,100335,1422793
1383,1208,3680,101413,1424245
1384,2290,1386,101991,1424511
1385,3655,2278,98768,1424876
1386,5825,2885,100491,1425561
1387,3842,2117,101318,1426468
1388,604,4022,100421,1428527
1389,4489,4746,100017,1431026
1390,5182,1469,100934,1432369
1391,2336,4589,101125,1433844
1392,2757,5774,101351,1433918
1393,160,980,101726,1434614
1394,807,544,101369,1434816
1395,4263,5331,100323,1437002
1396,2968,5561,101012,1440273
1397,2575,5289,98333,1442077
1398,4187,126,101483,1442252
1399,1628,3464,101333,1445827
1400,503,3303,99980,1446587
1401,3936,4716,99796,1448196
1402,5155,609,98350,1448481
1403,1064,4312,100161,1449548
1404,3209,647,100320,1449879
1405,2806,3213,101598,1449952
1406,3424,5824,100688,1450222
1407,5932,5621,100106,1450236
1408,5975,1446,99496,1451260
1409,550,4756,98503,1452475
1410,2179,4600,97325,1453346
1411,1120,1651,100461,1453437
1412,334,1356,99985,1454813
1413,5484,2445,101259,1455431
1414,5720,602,99096,1456568
1415,2410,46,101650,1456705
1416,4884,4069,99645,1457050
1417,799,3324,99295,1460178
1418,1507,4360,100000,1461317
1419,2243,786,99234,1461731
1420,5085,5819,101205,1461918
1421,2773,5536,98818,1462427
1422,1974,5290,100219,1464752
1423,2671,1755,100405,1464855
1424,5656,5941,98886,1465862
1425,2508,2083,100245,1466036
1426,5597,2513,100402,1466217
1427,2266,2941,98791,1466880
1428,2810,2825,99180,1467129
1429,435,1364,99313,1467388
1430,798,3904,101821,1467819
1431,2722,960,99702,1469142
1432,3895,4318,99853,1469832
1433,1416,3849,100880,1470470
1434,122,1248,99408,1470623
1435,326,1991,101540,1472749
1436,2149,351,98837,1473239
1437,442,4632,100961,1474983
1438,5172,3958,100452,1476271
1439,3325,5288,98598,1477063
1440,4684,261,99965,1477507
1441,2677,376,99250,1481227
1442,1894,3020,97848,1482574
1443,5422,5307,99475,1483474
1444,2737,883,99928,1485951
1445,3122,492,99731,1486204
1446,5607,1013,97705,1489379
1447,218,5086,101789,1489578
1448,3506,797,98688,1489896
1449,1946,5343,99330,1491220
1450,341,1723,100648,1491543
1451,3957,1239,101056,1493251
1452,1520,1176,100526,1493639
1453,3282,658,101529,1494477
1454,1827,2345,101612,1495171
1455,1817,1741,100154,1495229
1456,5119,4069,98668,1495306
1457,4060,2465,99027,1495633
1458,3802,2791,98424,1496160
1459,3402,5496,101831,1496818
1460,1373,2683,100526,1497930
1461,1197,1801,100924,1498594
1462,1874,5946,98985,1498618
1463,4715,1591,99814,1498953
1464,830,3717,100031,1505402
1465,3702,4929,101490,1507649
1466,5443,1296,98626,1507986
1467,653,2322,100639,1508821
1468,3080,436,102259,1509761
1469,1222,3558,98883,1510052
1470,5498,2564,100235,1510333
1471,4833,3574,100446,1511515
1472,3996,2290,99095,1512463
1473,2825,2898,100343,1513808
1474,1519,2045,96477,1513936
1475,377,2523,98742,1514915
1476,1101,2746,99528,1516503
1477,1499,3885,101013,1517633
1478,444,85,99176,1519561
1479,5033,223,99366,1520566
1480,1580,3018,100473,1520697
1481,264,2115,101536,1520708
1482,2670,2353,100135,1520969
1483,952,2915,101052,1523332
1484,1921,2930,100470,1526356
1485,4994,782,101233,1528421
1486,5441,1635,100256,1528552
1487,2223,5550,98435,1528807
1488,3447,549,101467,1528908
1489,1115,5772,101250,1529147
1490,2072,2729,101469,1529637
1491,2092,4904,98993,1530228
1492,2319,548,101524,1530738
1493,1230,5021,100881,1532603
1494,2110,5538,99600,1535032
1495,4863,1929,101166,1535319
1496,4687,1618,100486,1535552
1497,3464,5063,99502,1535726
1498,5850,165,99672,1536027
1499,4675,2612,99122,1536295
1500,1592,4916,100441,1538622
1501,1348,5559,99762,1538666
1502,1409,3635,99350,1539548
1503,1593,4963,98892,1539853
1504,3231,4157,99394,1539866
1505,907,3394,99281,1540307
1506,504,216,100894,1540961
1507,2468,2522,99980,1541927
1508,1272,5689,101131,1542583
1509,5717,4056,98307,1543695
1510,1255,2019,101742,1544263
1511,1914,113,99428,1545074
1512,5551,5923,99394,1546461
1513,5651,3576,99559,1547230
1514,3240,5114,100739,1547463
1515,1159,2179,99532,1548051
1516,4854,4633,100769,1549058
1517,394,2903,103043,1550936
1518,5756,5281,99315,1551149
1519,2277,1150,99786,1551411
1520,4199,1115,99553,1552008
1521,4300,0,100037,1553747
1522,2725,920,100451,1554134
1523,4678,595,100601,1554282
1524,4729,3594,99902,1555777
1525,1798,4930,98502,1556102
1526,4982,1690,102261,1556593
1527,3709,5738,98622,1556882
1528,1358,5040,100352,1556911
1529,3175,347,100652,1556980
1530,2705,2246,100407,1557538
1531,3129,2327,101758,1559630
1532,4382,5465,100732,1561904
1533,4392,4774,100846,1561906
1534,2337,2745,99436,1563614
1535,2876,3688,98971,1564137
1536,1787,4229,100937,1565159
1537,1994,711,98602,1565212
1538,32,5592,100792,1566812
1539,334,81,99404,1566824
1540,120,929,99914,1568850
1541,2866,5419,99902,1570174
1542,3445,5638,98532,1570366
1543,1809,4124,99985,1570415
1544,1389,848,100292,1571904
1545,1356,3546,101665,1572231
1546,2355,4449,98419,1572719
1547,4980,4118,98853,1575281
1548,3158,2591,98900,1575310
1549,3771,1231,101178,1575599
1550,5157,3511,100649,1575796
1551,978,319,99992,1576575
1552,727,1443,99458,1577932
1553,1661,4246,99199,1578471
1554,4724,2496,99961,1579614
1555,3703,4701,101192,1581131
1556,791,5079,99220,1581469
1557,1988,5327,100171,1582073
1558,3087,3678,99043,1583320
1559,1427,3273,99278,1583668
1560,2947,3252,99894,1584403
1561,2324,4710,100013,1584727
1562,5045,2170,99706,1584793
1563,1856,4351,99078,1585235
1564,5638,4153,98677,1585266
1565,3200,5354,100289,1586818
1566,1092,3510,100796,1587138
1567,2447,3570,100604,1588144
1568,4251,5676,101177,1589711
1569,5019,576,100247,1591039
1570,5178,1771,99958,1591835
1571,3528,3480,100665,1592802
1572,5525,2966,99525,1593061
1573,2713,5472,99795,1593952
1574,3858,4024,99587,1595032
1575,4110,1568,101036,1597302
1576,332,665,99592,1597435
1577,2783,1116,99798,1600254
1578,3578,451,100299,1600508
1579,4772,5708,100788,1602772
1580,2135,3104,100059,1604424
1581,3219,3824,99215,1605486
1582,2186,3125,99253,1608203
1583,5584,2491,100226,1609028
1584,3283,348,100659,1609237
1585,1208,3476,101830,1609923
1586,5541,3954,99930,1613118
1587,1991,634,99565,1614368
1588,458,1637,100064,1615287
1589,152,66,98080,1615941
1590,4611,5516,100264,1616107
1591,2031,4285,98509,1616254
1592,5589,3535,98996,1617418
1593,921,2252,98489,1618388
1594,2109,5815,100616,1619326
1595,3029,2487,101172,1619457
1596,1433,4322,100289,1620270
1597,3337,1867,99674,1620635
1598,2679,3421,98682,1622132
1599,794,2995,99523,1624195
1600,5302,3719,102265,1625344
1601,803,5311,101760,1625939
1602,3712,2056,100221,1627108
1603,3273,5734,100464,1627403
1604,59,4345,100332,1628123
1605,3543,4442,99869,1628291
1606,361,4405,99501,1628369
1607,2730,1143,101340,1629651
1608,4953,1572,100882,1632110
1609,3227,3519,98916,1632233
1610,1591,2905,98667,1633743
1611,672,5788,97897,1633766
1612,648,1192,100667,1633813
1613,1914,4200,99952,1633896
1614,1641,5664,100275,1635863
1615,1817,2621,99581,1636570
1616,677,3753,101390,1636630
1617,5437,3033,98297,1636784
1618,4073,3930,99158,1639442
1619,1446,3488,100572,1641151
1620,2132,1624,100558,1641794
1621,747,1581,100972,1642175
1622,3033,3808,101518,1642830
1623,3974,3125,99532,1644658
1624,725,5667,101190,1645960
1625,5011,674,100523,1646340
1626,256,2060,100894,1650426
1627,1712,515,100180,1650893
1628,1716,555,100161,1652459
1629,4330,5070,100867,1652987
1630,128,5288,100062,1654706
1631,3865,2041,98904,1654884
1632,5622,4442,98076,1657751
1633,2635,351,100571,1658175
1634,2693,5322,98441,1658477
1635,5083,2403,98563,1659840
1636,4864,2979,99515,1661095
1637,1947,226,99886,1661701
1638,3496,4340,100538,1662476
1639,5976,4080,98963,1662500
1640,5796,2960,99384,1663021
1641,1773,604,100163,1665248
1642,1470,4388,100452,1666640
1643,101,1042,101363,1667815
1644,3097,3227,99342,1669064
1645,1659,4119,100285,1669212
1646,5181,3203,98554,1671892
1647,4653,1300,100807,1672299
1648,5357,1333,99188,1675016
1649,795,410,99626,1675971
1650,5623,5494,99570,1676516
1651,4075,2094,100156,1677668
1652,4470,1973,101830,1678197
1653,5435,5309,101687,1681763
1654,3736,4330,96775,1682401
1655,1545,4578,100001,1684626
1656,536,901,99564,1685611
1657,1080,4206,100275,1686478
1658,430,3939,99263,1686800
1659,849,5418,98177,1687101
1660,5825,4334,99646,1688339
1661,5289,1450,100870,1688537
1662,3184,4031,99953,1688611
1663,1723,5460,100612,1689359
1664,2499,5202,101328,1690356
1665,703,5855,98893,1692689
1666,1808,1314,100525,1695101
1667,2787,1195,99469,1696379
1668,3326,4700,100096,1696651
1669,4923,3227,101075,1700789
1670,4606,4825,98465,1704548
1671,3286,1623,99628,1705326
1672,4924,4697,99903,1706065
1673,186,4676,99667,1706209
1674,4150,290,98387,1706576
1675,3139,5673,101552,1706590
1676,2519,537,101099,1706910
1677,5101,5234,99943,1708925
1678,130,5090,98231,1709952
1679,200,655,99280,1712420
1680,3102,5066,99090,1714044
1681,2276,4015,100579,1717410
1682,1204,3405,100700,1717653
1683,4964,5678,100255,1718442
1684,4313,5348,101716,1720886
1685,4047,4723,99681,1721843
1686,3248,4426,100410,1723121
1687,3152,2915,100876,1723217
1688,5063,5888,100647,1723796
1689,3416,2482,100214,1723859
1690,2075,2986,101372,1723879
1691,5622,4154,101990,1725222
1692,2699,1148,97569,1727342
1693,1484,940,101175,1727837
1694,689,5933,99843,1729428
1695,174,3239,102564,1729807
1696,5471,5079,99715,1729819
1697,1051,4032,99976,1729925
1698,5611,2025,100810,1730997
1699,5964,1837,100825,1731201
1700,4129,56,99558,1732340
1701,2748,3677,99484,1733839
1702,1216,3673,99896,1734475
1703,3684,4874,99611,1734584
1704,3984,1253,100534,1735527
1705,3523,409,98885,1735805
1706,1853,5212,99729,1739434
1707,240,3997,100471,1739779
1708,3826,3341,102052,1740518
1709,256,2932,100996,1740735
1710,911,4973,99228,1740735
1711,2388,45,98950,1741125
1712,5340,5799,100607,1741980
1713,2069,2875,98631,1742884
1714,5903,395,99297,1745559
1715,2064,3128,98607,1746517
1716,3064,3504,100300,1748213
1717,32,3066,98714,1750423
1718,805,133,98806,1754176
1719,2216,3927,99193,1754228
1720,4811,343,99288,1754571
1721,4874,448,100135,1755199
1722,856,1264,99309,1758318
1723,4068,2519,100386,1760679
1724,3348,5473,100303,1760796
1725,2586,3455,99958,1762467
1726,4119,1410,101789,1763973
1727,4939,4090,100312,1764128
1728,5166,5887,100648,1769386
1729,5035,4119,101641,1770564
1730,4366,4537,99377,1770691
1731,409,2607,101146,1772220
1732,3190,4148,98419,1772604
1733,1239,907,98639,1774753
1734,1541,2001,100162,1775535
1735,2894,2487,98892,1775733
1736,3733,4579,99968,1778251
1737,1528,2748,99076,1778317
1738,3111,342,98738,1778441
1739,1358,4963,100096,1778644
1740,2782,1422,97871,1779411
1741,5343,4698,98375,1780188
1742,2404,4169,98502,1780962
1743,1204,4801,99581,1781965
1744,5765,527,101567,1783587
1745,123,3992,98890,1784648
1746,4244,2555,100752,1788003
1747,5478,119,100945,1789105
1748,1355,5566,100727,1789676
1749,939,1223,99615,1789985
1750,3619,3066,101049,1790348
1751,948,5917,100080,1790924
1752,4799,5702,100408,1791100
1753,1909,5473,100797,1791244
1754,3576,2739,100268,1792771
1755,4829,4783,100013,1793029
1756,4082,3615,99336,1793267
1757,2322,4566,100986,1794133
1758,5079,3744,102824,1795272
1759,5337,2415,99463,1795450
1760,2130,1618,99117,1797612
1761,5390,4249,98699,1797820
1762,4797,5473,99375,1799051
1763,2015,5278,99201,1799485
1764,5336,716,101282,1799874
1765,1683,2983,100361,1799968
1766,5070,5317,101562,1799989
1767,1906,4303,100010,1800377
1768,3234,2186,99433,1800870
1769,679,3123,100772,1801110
1770,3513,4533,99246,1802006
1771,2594,1229,99973,1803997
1772,2063,1745,100254,1804403
1773,4773,1208,100504,1804411
1774,2211,5265,100804,1805013
1775,2972,4047,99714,1805865
1776,3753,4581,100840,1806667
1777,5506,2823,99269,1806925
1778,1343,786,99894,1807675
1779,3467,4845,100840,1807681
1780,1485,702,99657,1807757
1781,1186,5303,100496,1808976
1782,2839,2741,100291,1809478
1783,1115,5141,100637,1811070
1784,2005,4680,101558,1812515
1785,1661,1173,98956,1814853
1786,301,1515,99804,1815105
1787,5536,4365,101155,1816582
1788,628,1670,100747,1817069
1789,1368,5442,99526,1817320
1790,2977,4213,99605,1817842
1791,2848,4837,101090,1818889
1792,1542,1153,101774,1818896
1793,2353,4192,98717,1819226
1794,512,1623,100103,1819742
1795,4021,2395,100401,1819772
1796,3033,542,101242,1820245
1797,22,1773,100005,1820480
1798,4939,5373,100344,1822416
1799,2998,5835,99284,1822834
1800,747,2507,101413,1823005
1801,3358,2723,98020,1823493
1802,5641,1104,101636,1824783
1803,5491,483,100416,1825536
1804,2432,1446,99482,1826529
1805,917,4807,99225,1827034
1806,894,3746,99530,1828970
1807,904,3925,98028,1830052
1808,3904,4239,99988,1831958
1809,489,3559,100589,1833725
1810,2050,2670,100198,1833786
1811,4813,2498,99050,1834055
1812,186,5232,98438,1834535
1813,316,2378,100434,1834899
1814,923,2523,99436,1835921
1815,544,1740,100311,1836924
1816,2594,909,100749,1837646
1817,3708,464,100537,1839481
1818,4139,5006,99393,1841316
1819,3418,3152,100421,1841838
1820,2756,715,98114,1842511
1821,2889,3042,100623,1843768
1822,2148,4275,100687,1844066
1823,5374,4625,100195,1844956
1824,3683,4810,100541,1847322
1825,5671,3637,99812,1847667
1826,205,4010,100447,1848065
1827,2655,4854,99389,1848335
1828,5183,661,98598,1850331
1829,5653,1928,97938,1850446
1830,5284,5327,98951,1852094
1831,3609,5099,100106,1852698
1832,1876,4694,101018,1853761
1833,1369,1804,98671,1854301
1834,1804,3311,101116,1856371
1835,4541,1617,99230,1859169
1836,1185,3560,99335,1859990
1837,2917,5204,100357,1860397
1838,2878,2086,99619,1860702
1839,1713,5774,101033,1860839
1840,707,4637,100869,1860953
1841,2443,2797,98946,1862202
1842,3000,764,99912,1862363
1843,2366,678,99762,1863742
1844,1107,1791,100838,1865026
1845,3948,3464,100838,1865213
1846,4768,2933,100182,1866117
1847,512,5810,101517,1867638
1848,2053,2958,100395,1868701
1849,1334,4854,101924,1868800
1850,1407,5014,99569,1869526
1851,5584,4515,100390,1870074
1852,1441,2821,100614,1871552
1853,2239,5289,99912,1873949
1854,2366,2992,99927,1874085
1855,1540,2282,98599,1874125
1856,4621,1011,100824,1875027
1857,580,4159,101142,1875430
1858,964,2100,99512,1877087
1859,3846,1992,99589,1877623
1860,4704,3035,99702,1878929
1861,4822,3602,99983,1880372
1862,1275,4717,100297,1881015
1863,4206,1419,100119,1881513
1864,676,1519,98989,1881606
1865,2709,1035,98595,1882385
1866,3370,279,99094,1882748
1867,2944,4952,100335,1882983
1868,4184,514,97589,1883282
1869,5818,2770,98800,1883382
1870,3988,4402,100667,1883659
1871,5613,3513,99506,1885188
1872,4676,1875,100249,1887816
1873,4270,1836,99640,1887835
1874,3665,1960,101956,1888474
1875,686,4278,99150,1896973
1876,3472,3587,99195,1898074
1877,220,3335,100833,1898540
1878,2215,2734,100263,1901663
1879,4364,2643,101409,1903887
1880,4857,2212,99987,1904274
1881,249,1634,101807,1904639
1882,458,1313,101508,1904704
1883,1361,4840,101360,1905280
1884,1122,4697,102040,1906993
1885,923,4316,99431,1908434
1886,2963,3527,98796,1908792
1887,2697,2965,101445,1910319
1888,1635,4795,101377,1911368
1889,3072,3609,98932,1912657
1890,1246,2964,98503,1912924
1891,330,1704,99558,1915326
1892,5301,1102,99217,1915546
1893,1726,100,99076,1916385
1894,3089,2676,100710,1918266
1895,5823,353,99609,1918357
1896,617,2450,101342,1919820
1897,5816,4001,100863,1919948
1898,4382,3059,99996,1921411
1899,4117,2767,101376,1921972
1900,2520,1463,101499,1922755
1901,2839,1698,99857,1923652
1902,4219,4718,103506,1923727
1903,3510,3033,99283,1924169
1904,3197,1326,99874,1925731
1905,1684,1824,99217,1925816
1906,2412,4800,100109,1925832
1907,1318,4643,100229,1926266
1908,4983,3835,101122,1926472
1909,2001,811,99415,1926629
1910,1635,5856,99608,1926881
1911,1318,4352,100670,1927614
1912,2605,4132,99286,1927869
1913,1970,383,98158,1929438
1914,1900,2970,101747,1929527
1915,4737,3776,99861,1930536
1916,2740,602,98551,1930581
1917,2544,10,100305,1930918
1918,1926,5589,99356,1931299
1919,3926,3939,98541,1931498
1920,1140,1127,99320,1932854
1921,5565,1585,99341,1933777
1922,197,1929,99708,1934059
1923,2887,3971,99051,1935318
1924,4273,2751,100315,1935457
1925,4827,1353,100768,1935891
1926,2217,1258,100276,1937260
1927,545,5068,100803,1939276
1928,4102,4398,98926,1943036
1929,4423,3877,99476,1943358
1930,3439,4383,100481,1943454
1931,5143,164,99883,1943608
1932,1131,1122,100579,1944462
1933,2829,2653,99047,1944603
1934,4759,5162,100631,1945698
1935,3671,4867,100269,1945922
1936,4496,1370,99167,1946992
1937,2656,3436,100171,1947554
1938,4822,5412,97723,1947802
1939,3511,5472,102264,1948825
1940,2850,2852,100621,1948835
1941,5930,798,100011,1949048
1942,4570,3569,101681,1952052
1943,5852,4148,100275,1952216
1944,1435,1461,99446,1954094
1945,2959,1310,100823,1954400
1946,4026,3117,100653,1955288
1947,3083,1871,98885,1955900
1948,5790,2521,98832,1956333
1949,1931,1780,101612,1956375
1950,1142,2437,98687,1960972
1951,443,3928,99449,1961364
1952,748,4706,99435,1961448
1953,2421,664,100219,1962305
1954,3548,1873,99101,1963112
1955,4782,777,100369,1963257
1956,1818,958,102223,1963807
1957,342,4559,100137,1965421
1958,5909,3119,99216,1970637
1959,4790,5031,99638,1972165
1960,814,1175,98989,1972604
1961,3404,2269,100569,1974422
1962,2021,4492,100363,1974611
1963,5797,3649,100631,1976059
1964,4772,598,100704,1978386
1965,5814,4144,100171,1978972
1966,4949,3738,99921,1979796
1967,2616,1712,99765,1980018
1968,1053,1263,100504,1980976
1969,1346,1739,102086,1981274
1970,3301,5656,99555,1981692
1971,2748,5548,101238,1981940
1972,4824,2109,99945,1982801
1973,731,2941,101447,1982822
1974,1806,2930,100017,1983135
1975,1748,5596,100197,1984089
1976,3014,2343,99918,1984673
1977,476,1497,98118,1985447
1978,2700,3241,100152,1986609
1979,4722,1356,102319,1987629
1980,789,4611,99609,1989154
1981,5265,4558,99133,1990097
1982,3934,4855,99322,1990464
1983,3743,2959,100852,1993532
1984,4375,3206,99224,1993838
1985,5365,2618,100110,1993982
1986,3291,4335,99120,1994280
1987,3115,3236,99038,1994738
1988,4959,1429,99408,1996748
1989,5137,1371,98805,1997542
1990,992,4053,99806,1999853
1991,1434,2478,100953,2000574
1992,1656,5791,100030,2000701
1993,689,210,102110,2002425
1994,1977,2839,99320,2002503
1995,2690,801,100567,2003429
1996,5918,1529,98812,2003808
1997,546,5484,100254,2006706
1998,3550,2291,99062,2007952
1999,5639,2408,100984,2008422
2000,2191,5475,98792,2009146
2001,4789,2233,101108,2012817
2002,5811,6000,101135,2013044
2003,1264,1777,99170,2013185
2004,2751,1053,101938,2014285
2005,4618,4188,102009,2015041
2006,1177,2947,100274,2016415
2007,5101,4815,101009,2017507
2008,1175,231,101115,2017525
2009,5743,1787,98181,2018122
2010,5364,1766,102485,2018862
2011,2554,3049,101360,2019412
2012,1441,4279,101114,2021522
2013,4032,3336,99762,2021619
2014,2224,677,98771,2021865
2015,4585,224,100751,2022057
2016,5254,4129,99098,2023205
2017,4789,5277,100227,2023764
2018,4513,4960,99856,2024131
2019,562,4120,100150,2024983
2020,2659,2129,100399,2026260
2021,1853,1949,99825,2026883
2022,570,5781,100765,2027008
2023,2120,5682,100720,2027216
2024,2583,4714,100709,2029102
2025,5485,1554,99976,2029741
2026,4654,1709,99389,2030133
2027,3695,2046,99756,2030794
2028,3435,2230,99859,2030993
2029,224,4945,99758,2031839
2030,2225,202,99672,2032130
2031,3043,2026,99901,2032368
2032,3159,677,101025,2032825
2033,573,3072,99311,2032896
2034,5642,335,100584,2033716
2035,5502,4215,99467,2033840
2036,4109,733,101139,2033941
2037,3190,1776,99560,2039230
2038,1046,2530,99409,2041967
2039,3927,74,99024,2042654
2040,4172,1995,99068,2043563
2041,1083,3988,100404,2043746
2042,2239,4922,100650,2043816
2043,3820,5809,101699,2044710
2044,126,5170,100396,2045347
2045,2414,666,99125,2045469
2046,5762,3844,100222,2046035
2047,2584,1528,98988,2046149
2048,3196,4434,101027,2046342
2049,1756,3030,98969,2047142
2050,1725,2009,98885,2048292
2051,5205,947,99648,2048406
2052,3992,1678,98359,2053049
2053,1028,5773,99580,2054266
2054,650,5874,101107,2054741
2055,26,1501,100547,2056393
2056,5385,885,99342,2058004
2057,4414,5826,102082,2058599
2058,430,1192,98838,2060832
2059,95,2807,99103,2062500
2060,5995,5667,99535,2062738
2061,5096,1755,101098,2063317
2062,2383,4142,101096,2064284
2063,5652,1207,99700,2064768
2064,3451,5154,101241,2067335
2065,2536,1245,99672,2068338
2066,4889,1886,99687,2068449
2067,4668,5501,100184,2069734
2068,4304,672,99779,2071596
2069,2660,2595,101427,2072843
2070,195,2379,100663,2073420
2071,2476,2795,100837,2074085
2072,4410,3593,100518,2074548
2073,5193,4132,100201,2074957
2074,4931,1134,99453,2075000
2075,5503,2213,100283,2076465
2076,877,5973,99958,2079653
2077,5177,2441,102100,2080048
2078,4493,4580,99323,2080352
2079,1297,1735,99501,2081007
2080,2670,1615,100531,2081784
2081,4639,4897,100210,2084088
2082,1231,3719,98896,2084893
2083,3045,2580,100650,2085730
2084,4914,4775,99086,2085881
2085,3818,2602,100525,2087091
2086,2291,4741,99046,2091667
2087,3519,5630,101026,2092015
2088,2912,5967,99689,2092026
2089,2982,4938,99803,2092223
2090,141,1959,101494,2093128
2091,5125,4749,100443,2095754
2092,5664,1485,100691,2096398
2093,1179,5131,100424,2098151
2094,3010,3219,100139,2099947
2095,4622,2819,100041,2101218
2096,1464,900,100099,2101504
2097,1318,4457,100095,2101693
2098,2586,2483,99781,2102257
2099,1623,986,99728,2103829
2100,3612,3313,100243,2104422
2101,5960,1799,100317,2104510
2102,4101,3342,99515,2104811
2103,169,1299,100223,2105070
2104,3768,3756,99206,2106632
2105,4376,1364,99121,2106669
2106,979,4522,100661,2106986
2107,5246,890,98983,2107400
2108,2373,3385,100240,2109468
2109,3840,2763,100190,2110203
2110,4270,1432,99075,2110531
2111,5767,1299,99701,2110583
2112,294,3629,100635,2111137
2113,4052,3898,99643,2111533
2114,224,4710,99979,2112773
2115,4046,1228,101836,2114521
2116,1881,448,100383,2115509
2117,3250,3959,101479,2116921
2118,5928,1101,100349,2120970
2119,3592,4842,99865,2122073
2120,6004,2048,99930,2122125
2121,442,5053,99621,2122381
2122,4993,1429,100112,2124158
2123,779,5193,98827,2125251
2124,267,996,97876,2125662
2125,4305,1491,101720,2126238
2126,3571,3474,99060,2127909
2127,2999,281,100610,2128502
2128,3045,610,101152,2129830
2129,3876,4710,101094,2132520
2130,2175,1622,100440,2132972
2131,709,1822,100300,2134123
2132,3783,5360,100654,2135118
2133,2013,2779,101290,2135564
2134,4660,5067,100284,2135897
2135,2904,936,101170,2136685
2136,185,2209,100151,2136707
2137,504,223,99696,2138196
2138,5024,2315,101499,2138223
2139,5101,3472,100184,2138465
2140,5605,206,99982,2141260
2141,3285,1271,99418,2141617
2142,1296,713,101059,2142197
2143,5489,3378,100097,2143137
2144,285,4127,100655,2144105
2145,3303,1858,99737,2144373
2146,4031,4017,100340,2146488
2147,5549,2629,100556,2146747
2148,5550,1501,100438,2147556
2149,11,3507,100862,2147775
2150,3028,1298,101404,2148790
2151,5657,2127,99291,2148967
2152,4272,3807,101349,2149254
2153,2000,1023,98099,2149621
2154,1938,5241,100632,2149821
2155,5237,5321,99643,2150026
2156,5494,2922,100587,2151791
2157,5453,2730,99845,2151932
2158,1913,2006,98485,2152125
2159,5984,4526,99316,2152658
2160,2759,1566,99624,2152758
2161,3921,4885,100970,2153264
2162,4316,4896,98680,2153661
2163,1747,4678,99798,2155892
2164,1563,3097,102111,2156469
2165,2139,2846,100054,2156721
2166,4638,5695,100845,2158072
2167,1935,2119,97336,2158758
2168,697,1752,100468,2160686
2169,1194,5754,100851,2162024
2170,5409,1604,100369,2162607
2171,4594,1426,97777,2163066
2172,5095,3024,98658,2163089
2173,1839,209,99982,2163296
2174,990,3735,100004,2164002
2175,1572,5009,99236,2166182
2176,4162,847,101510,2166433
2177,4627,5909,101066,2167545
2178,36,840,99161,2169655
2179,5688,3405,100986,2171584
2180,4514,554,98339,2171937
2181,1324,857,100264,2173153
2182,4519,4274,100824,2173432
2183,2041,4629,99975,2175423
2184,1830,3840,99777,2176843
2185,2219,4532,100134,2178885
2186,5128,1164,99648,2179050
2187,4894,5029,100367,2179626
2188,3289,2100,98416,2179712
2189,3585,3042,101079,2180052
2190,2040,538,100097,2180710
2191,5614,3580,101243,2183081
2192,3211,4442,100803,2184587
2193,5760,3032,99800,2185180
2194,2760,5065,99452,2185853
2195,521,4473,102448,2186575
2196,3110,3660,99869,2187364
2197,4297,1611,99665,2189596
2198,3245,631,99203,2192897
2199,5868,5347,99709,2193332
2200,3251,3310,101081,2193779
2201,3957,3951,98804,2194039
2202,506,1479,100201,2194208
2203,1282,3128,98880,2194367
2204,2353,890,100482,2196099
2205,605,426,102387,2200426
2206,3486,3194,99469,2202258
2207,1732,5664,100773,2202666
2208,4227,770,99437,2204065
2209,1024,4692,100916,2205485
2210,4234,813,99807,2206662
2211,1396,2100,97894,2207607
2212,2223,1724,99378,2209254
2213,4550,650,100014,2209296
2214,5362,2705,100565,2210567
2215,4299,4172,99642,2213478
2216,520,3462,99928,2213968
2217,4949,1199,100608,2217431
2218,4445,2888,99988,2219492
2219,3831,5569,100191,2220385
2220,1780,863,97621,2220700
2221,1425,1708,98720,2221292
2222,1285,1577,100949,2223275
2223,1394,2335,99742,2223793
2224,3721,5687,99488,2225643
2225,3623,1401,98099,2226948
2226,661,2374,98484,2227386
2227,1399,716,101440,2228040
2228,3076,5399,101113,2229154
2229,3541,4923,101559,2230129
2230,259,823,99336,2230699
2231,111,2993,100181,2231834
2232,5392,4530,100069,2232956
2233,3324,2826,100412,2233210
2234,2903,4204,100257,2235221
2235,682,229,100968,2235930
2236,4426,3782,100949,2236031
2237,4923,1949,99873,2236437
2238,3769,314,98863,2237645
2239,583,5135,99725,2239091
2240,4585,2438,98448,2240045
2241,274,5979,98860,2240054
2242,159,4957,99452,2240084
2243,3230,2521,98961,2240451
2244,2322,4651,100884,2242264
2245,3732,500,99867,2244830
2246,4555,406,100505,2245127
2247,3230,3628,100473,2245137
2248,3165,249,100477,2245884
2249,758,240,98823,2246548
2250,5680,4814,102178,2246808
2251,5957,3474,98033,2247113
2252,3577,1792,100551,2249090
2253,5839,666,99809,2250160
2254,2425,2899,99217,2250251
2255,2579,5526,99375,2250904
2256,5745,5808,103150,2251370
2257,2354,1905,100648,2251902
2258,5773,1874,100644,2253671
2259,606,710,99733,2254751
2260,3923,129,101528,2254917
2261,4886,6000,101398,2255181
2262,3814,141,100193,2255431
2263,1808,2298,100470,2255741
2264,640,1986,99443,2256242
2265,366,3534,100879,2257059
2266,5946,5468,98941,2259535
2267,147,1020,99956,2259723
2268,1176,684,98878,2260553
2269,2641,1668,101044,2262269
2270,304,987,100771,2262657
2271,3870,914,100213,2264940
2272,5106,1907,99071,2266564
2273,3940,2654,100628,2268393
2274,5795,3632,99296,2268765
2275,2744,915,100037,2270978
2276,5534,2396,101031,2272334
2277,3100,2802,101384,2272370
2278,4553,466,100212,2272927
2279,691,2000,98391,2273004
2280,1320,970,98680,2273761
2281,416,4879,101662,2273891
2282,3240,5347,100674,2275081
2283,1048,2340,101645,2275820
2284,5666,2414,99271,2276126
2285,778,3191,101297,2277187
2286,1832,3745,101428,2277603
2287,1333,1068,99654,2278285
2288,4698,2811,98199,2280687
2289,438,3036,100374,2282318
2290,3332,1705,99666,2282441
2291,222,659,101173,2283727
2292,2557,4546,101376,2284793
2293,1292,1084,100056,2285067
2294,2433,2686,100291,2286268
2295,2590,855,100366,2288479
2296,5309,259,99533,2289653
2297,4841,1519,102261,2289843
2298,2312,2014,99396,2294441
2299,5473,3394,99310,2294797
2300,3132,4482,99611,2297190
2301,2890,567,98865,2297660
2302,5964,839,101081,2298569
2303,2974,3520,100306,2298601
2304,4368,1097,102596,2300108
2305,4196,5603,99509,2300137
2306,5821,2959,100263,2301936
2307,335,4198,100169,2302589
2308,1122,394,101054,2303859
2309,1354,874,100569,2304606
2310,2858,1842,99533,2305260
2311,4762,2169,100686,2307387
2312,4197,4982,99200,2307689
2313,2725,650,100649,2307872
2314,5148,2102,98798,2309366
2315,2644,5304,101168,2309422
2316,1446,5112,100286,2310387
2317,2731,1012,101653,2311103
2318,5525,1952,99601,2314280
2319,5840,3493,99611,2314362
2320,3768,170,99551,2315296
2321,1596,1326,98572,2315476
2322,51,2728,101809,2316857
2323,145,2767,101244,2317678
2324,3371,87,99404,2322004
2325,3897,5800,100320,2324089
2326,5311,1813,100174,2326525
2327,2137,5080,100181,2326626
2328,952,1774,99934,2326864
2329,3687,3551,99719,2327030
2330,3822,4273,100949,2328262
2331,4616,3899,98745,2330519
2332,2427,3491,101705,2331306
2333,5058,290,99627,2331618
2334,1633,2098,99991,2332742
2335,2920,3140,100713,2333639
2336,6005,408,100935,2333791
2337,3069,4103,100431,2335919
2338,2705,4029,99776,2339159
2339,5206,4163,101028,2340583
2340,2917,4192,99537,2343298
2341,5585,4935,98528,2347863
2342,4220,2158,100601,2348326
2343,2551,5309,100873,2348804
2344,951,717,99807,2348823
2345,4054,4317,100145,2351444
2346,2171,5949,100407,2351664
2347,4982,357,100477,2357280
2348,5298,3923,100541,2358304
2349,5506,1321,100755,2358352
2350,5525,5935,100839,2361208
2351,5378,5228,98450,2361938
2352,2301,4013,100032,2362044
2353,2248,429,100826,2362539
2354,4869,4949,99307,2363103
2355,4158,5744,99018,2363795
2356,5378,5501,100061,2366060
2357,2341,1847,99622,2366962
2358,5935,5852,100237,2371181
2359,5101,5373,100948,2371523
2360,2416,5928,100477,2374933
2361,5875,1242,100070,2375107
2362,5254,5247,100283,2376327
2363,4385,4004,100810,2376858
2364,5968,4251,100869,2378593
2365,5853,5960,100787,2383220
2366,2225,2593,100491,2385390
2367,5768,5145,99688,2387151
2368,3596,5228,99112,2388571
2369,236,3272,100892,2388749
2370,2819,2841,99954,2390759
2371,3822,1469,101662,2391391
2372,4510,5083,100390,2392018
2373,302,2849,99584,2392241
2374,5522,1269,101484,2392882
2375,365,3098,101088,2394541
2376,1000,892,100709,2395313
2377,3405,5252,101341,2395834
2378,3759,1764,99330,2398047
2379,693,1458,99872,2398449
2380,2169,3556,101590,2399761
2381,2426,2225,99567,2399900
2382,1363,3328,99345,2400198
2383,612,3718,100297,2400331
2384,2660,1495,101742,2401641
2385,1677,1226,100605,2402517
2386,387,4703,99888,2402739
2387,2819,326,98405,2403831
2388,5061,3573,99142,2404439
2389,5907,5359,99230,2405112
2390,5580,1570,100932,2405663
2391,4407,4186,100874,2407130
2392,2369,3899,100948,2407151
2393,755,1199,100762,2407419
2394,2410,738,100010,2407533
2395,4228,65,99238,2407613
2396,2565,3256,99620,2407691
2397,2822,5188,99372,2407918
2398,802,5161,101553,2408068
2399,4934,3214,97538,2408095
2400,1084,2525,99977,2408829
2401,236,1570,99240,2410160
2402,2049,5439,101093,2410348
2403,5457,1692,100419,2412991
2404,5105,5407,99703,2413327
2405,4776,2679,102233,2414019
2406,2346,1128,101241,2414741
2407,1754,4200,99908,2415674
2408,3571,3177,99710,2416235
2409,5626,2294,100279,2418121
2410,385,5720,99702,2420395
2411,2697,3773,100639,2421326
2412,4580,3827,98670,2421865
2413,691,2354,98898,2422066
2414,2967,4657,99019,2422245
2415,4795,5486,100752,2424959
2416,5256,2882,99089,2425362
2417,822,1450,100332,2427008
2418,102,3218,101083,2427689
2419,4591,2537,98737,2427922
2420,3163,1507,97510,2428242
2421,3528,858,99367,2428271
2422,4659,5018,100495,2431111
2423,4836,4129,97968,2431153
2424,5440,1006,101281,2431767
2425,5014,4163,98138,2433574
2426,4399,543,99781,2434086
2427,815,3046,99707,2435549
2428,2489,1207,99545,2436695
2429,2868,1567,100203,2436898
2430,5937,3109,99808,2437355
2431,4822,4061,100482,2438764
2432,2765,3538,101481,2439206
2433,5084,3005,99614,2440383
2434,245,5674,99523,2440720
2435,3889,5686,100494,2440836
2436,4416,648,99523,2441291
2437,72,87,100272,2442636
2438,1892,126,98981,2442756
2439,2579,1920,98932,2443032
2440,4462,5427,99713,2444136
2441,4461,2110,100085,2446945
2442,5605,1267,101047,2447255
2443,5666,5692,100754,2448497
2444,249,1965,100992,2448970
2445,2967,4145,99082,2449759
2446,1200,1599,101071,2454059
2447,900,38,100761,2454964
2448,3363,4304,100131,2455530
2449,4443,4604,99770,2456711
2450,292,2151,100430,2457371
2451,5063,5118,97682,2457732
2452,5376,4306,99672,2465113
2453,2302,475,99272,2466789
2454,3143,5822,100460,2470055
2455,979,5491,98873,2471708
2456,1534,3474,100683,2472559
2457,1716,4883,100015,2472921
2458,3954,1620,98672,2475350
2459,1195,864,99490,2475495
2460,4235,3045,98703,2475974
2461,2421,5374,99415,2476027
2462,441,1256,99697,2476042
2463,1153,4254,100481,2477577
2464,5187,704,101030,2478608
2465,1650,3456,97717,2479249
2466,2054,1695,98039,2482909
2467,4137,1200,100559,2483757
2468,5240,3420,97896,2484389
2469,44,4538,97043,2486655
2470,5396,4501,99041,2486663
2471,393,867,100166,2486799
2472,3502,1310,99968,2487631
2473,5800,1347,98744,2490607
2474,1809,2490,99768,2491477
2475,387,3554,101564,2493026
2476,3517,2544,100207,2493597
2477,3878,972,99911,2494131
2478,3866,2487,99832,2494330
2479,2796,2805,100876,2494482
2480,3475,3583,99866,2496388
2481,4280,4339,99937,2496579
2482,4851,2794,99145,2496911
2483,1255,3310,100654,2498426
2484,4517,265,99698,2499093
2485,1565,1587,99866,2499876
2486,4171,3648,101420,2500476
2487,4671,5723,101161,2501233
2488,104,5217,101016,2501416
2489,2372,666,98278,2503840
2490,5953,3473,97702,2504358
2491,3831,5924,99219,2506477
2492,3647,2067,100034,2506630
2493,303,2583,99926,2508006
2494,842,2812,99144,2511085
2495,1751,4008,98263,2513417
2496,4697,2685,99676,2513825
2497,985,449,101011,2517663
2498,835,293,99738,2519425
2499,2341,1480,99308,2519878
